inventory_id,description,manufacturer_code,brand_name,retail_price,store_sku,department,qty_on_hand,warehouse,last_received
RET_000000,Sonos Era 300 Spatial Audio Speaker,E30G1US1,Sonos,418.86,R24780,Audio,72,WH-CENTRAL,2025-09-19T00:00:00
RET_000001,SteelSeries Arctis Nova Pro Wireless Headset,61520,SteelSeries,350.44,R24669,Audio,23,WH-WEST,2025-03-27T00:00:00
RET_000002,Dell Ultrasharp U2723QE 27-inch 4K Monitor,U2723QE,Dell,599.66,R87864,Monitors,156,WH-WEST,2024-11-06T00:00:00
RET_000003,Nikon Z8 Mirrorless Camera Body,1653,Nikon,3688.39,R82030,Cameras,5,WH-EAST,2024-07-14T00:00:00
RET_000004,Western Digital WD Black SN850X 2TB NVMe,WDS200T2X0E,Western Digital,173.38,R32032,Storage,180,WH-EAST,2024-01-12T00:00:00
RET_000005,Logitech C920x HD Pro Webcam,960-001335,Logitech,81.05,R80679,Peripherals,86,WH-EAST,2025-04-28T00:00:00
RET_000006,Fitbit Charge 6 Fitness Tracker,GA05183-US,Fitbit,129.13,R16083,Wearables,83,WH-EAST,2025-04-17T00:00:00
RET_000007,GoPro HERO12 Black,CHDHX-121-RW,GoPro,408.38,R10250,Cameras,90,WH-CENTRAL,2024-07-27T00:00:00
RET_000008,Apple Mac Mini M2 256GB,MMFJ3LL/A,Apple,594.84,R83997,Desktops,196,WH-CENTRAL,2024-01-15T00:00:00
RET_000009,TP-Link Deco XE75 Pro WiFi 6E Mesh System 3-Pack,DECO XE75 PRO(3-PACK),TP-Link,328.76,R31497,Networking,117,WH-WEST,2024-04-06T00:00:00
RET_000010,Google Pixel Watch 2 WiFi,GA05029-US,Google,351.25,R37106,Wearables,128,WH-CENTRAL,2025-11-26T00:00:00
RET_000011,AMD Ryzen 9 7950X3D Processor,100-100000908WOF,AMD,705.83,R73393,Processors,104,WH-CENTRAL,2024-09-11T00:00:00
RET_000012,Lenovo ThinkPad T14 Gen 4 AMD,21K3CTO1WWUS,Lenovo,988.17,R81084,Laptops,192,WH-WEST,2024-07-15T00:00:00
RET_000013,MSI Creator Z17 HX Studio i9,CREATORZ17HX-A14VFT-209US,MSI,2343.36,R49938,Laptops,198,WH-EAST,2024-02-07T00:00:00
RET_000014,Apple MacBook Air M3 13-inch 256GB,MQKQ3LL/A,Apple,954.90,R30558,Laptops,51,WH-EAST,2024-02-22T00:00:00
RET_000015,Apple AirPods Pro 2nd Gen USB-C,MTJV3AM/A,Apple,223.62,R39334,Audio,89,WH-EAST,2025-12-20T00:00:00
RET_000016,ASUS ROG MAXIMUS Z790 HERO MOTHERBOARD,90MB1BH0-M0AAY0,ASUS,615.26,R72504,Motherboards,83,WH-CENTRAL,2024-07-16T00:00:00
RET_000017,SONY WH-1000XM5 WIRELESS HEADPHONES,WH1000XM5/B,Sony,342.98,R15694,Audio,108,WH-CENTRAL,2025-10-06T00:00:00
RET_000018,Theragun PRO Plus Percussive Therapy Device,G5PRO-BLK-PKG-US,Theragun,359.80,R80546,Fitness,133,WH-EAST,2025-04-25T00:00:00
RET_000019,SHURE SM7DB DYNAMIC VOCAL MICROPHONE,SM7DB,Shure,367.53,R89521,Audio,113,WH-WEST,2024-08-17T00:00:00
RET_000020,JBL Charge 5 Portable BT Speaker,JBLCHARGE5BLKAM,JBL,171.51,R87780,Audio,107,WH-CENTRAL,2024-09-23T00:00:00
RET_000021,Anker 737 Power Bank 24000mAh,A1289011,Anker,102.95,R33356,Power,188,WH-CENTRAL,2024-12-27T00:00:00
RET_000022,Sony InZone H9 Wireless Gaming Headset,WHG900N/B,Sony,289.86,R59397,Audio,94,WH-CENTRAL,2025-09-13T00:00:00
RET_000023,Ecobee Smart Thermostat Premium,EB-STATE5P-01,Ecobee,246.25,R56386,Smart Home,147,WH-EAST,2024-06-15T00:00:00
RET_000024,Logitech MX Master 3S Mouse,910-006556,Logitech,84.97,R87748,Peripherals,144,WH-EAST,2025-06-08T00:00:00
RET_000025,Google Nest Hub Max 10-inch,GA00639-US,Google,216.05,R92349,Smart Home,162,WH-EAST,2025-12-10T00:00:00
RET_000026,Canon EOS R6 Mark II Body,5666C002,Canon,2561.03,R89669,Cameras,5,WH-WEST,2025-11-16T00:00:00
RET_000027,Crucial P5 Plus 2TB NVMe SSD,CT2000P5PSSD8,Crucial,115.64,R65450,Storage,151,WH-WEST,2024-08-19T00:00:00
RET_000028,Belkin BoostCharge Pro 3-in-1 MagSafe Charger,WIZ017ttWH,Belkin,141.07,R83719,Power,0,WH-CENTRAL,2025-05-22T00:00:00
RET_000029,Netgear Nighthawk RAXE500 WiFi 6E Router,RAXE500-100NAS,Netgear,521.25,R56129,Networking,175,WH-CENTRAL,2025-07-09T00:00:00
RET_000030,Microsoft Surface Laptop 5 15-inch i7,RBG-00001,Microsoft,1207.48,R89726,Laptops,129,WH-WEST,2024-07-15T00:00:00
RET_000031,Garmin Forerunner 265 GPS Running Watch,010-02810-00,Garmin,386.35,R78024,Wearables,161,WH-WEST,2024-07-24T00:00:00
RET_000032,Intel Core i9-14900K Processor,BX8071514900K,Intel,566.41,R24000,Processors,97,WH-WEST,2024-05-10T00:00:00
RET_000033,Dell Latitude 5540 i5 vPro,LAT5540-I5,Dell,918.09,R31845,Laptops,169,WH-CENTRAL,2025-01-11T00:00:00
RET_000034,ANKER POWERCONF S330 USB SPEAKERPHONE,A3308011,Anker,71.45,R14115,Audio,41,WH-WEST,2024-08-02T00:00:00
RET_000035,Lenovo ThinkPad X1 Carbon Gen 11,21HM004NUS,Lenovo,1419.34,R88882,Laptops,15,WH-EAST,2024-05-18T00:00:00
RET_000036,LG UltraGear 27GP850-B 27-in Gaming Monitor,27GP850-B,LG,445.26,R23680,Monitors,197,WH-EAST,2024-09-18T00:00:00
RET_000037,Lenovo Tab M10 Plus 3rd Gen 128GB,ZAAJ0375US,Lenovo,206.58,R97257,Tablets,10,WH-WEST,2025-05-22T00:00:00
RET_000038,Western Digital My Passport 5TB External HDD,WDBPKJ0050BBK,Western Digital,147.31,R91114,Storage,152,WH-CENTRAL,2025-05-27T00:00:00
RET_000039,Samsung Galaxy Buds FE,SM-R400NZAAXAR,Samsung,99.17,R82526,Audio,88,WH-WEST,2024-01-05T00:00:00
RET_000040,Corsair RM1000x 1000W 80+ Gold PSU,CP-9020201-NA,Corsair,215.10,R58569,Power Supplies,3,WH-EAST,2024-04-02T00:00:00
RET_000041,BenQ PD2706UA 27-inch 4K USB-C Monitor,PD2706UA,BenQ,571.34,R98974,Monitors,103,WH-EAST,2025-11-07T00:00:00
RET_000042,Samsung Galaxy Tab S9 FE 128GB,SM-X510NZAAXAR,Samsung,361.95,R56849,Tablets,99,WH-WEST,2024-09-09T00:00:00
RET_000043,SanDisk Ultra Dual Drive Go 256GB USB C,SDDDC3-256G-G46,SanDisk,27.34,R67445,Storage,138,WH-CENTRAL,2025-07-15T00:00:00
RET_000044,Amazon Fire HD 10 2023 32GB,T76N2B,Amazon,135.20,R72895,Tablets,184,WH-EAST,2024-09-16T00:00:00
RET_000045,NZXT H7 Flow Mid-Tower Case,CM-H71FW-01,NZXT,113.39,R14576,Cases,7,WH-EAST,2024-07-12T00:00:00
RET_000046,RING VIDEO DOORBELL PRO 2,8VRCPZ-0EN0,Ring,254.28,R40267,Smart Home,69,WH-WEST,2025-05-05T00:00:00
RET_000047,iRobot Roomba j7+ Self-Emptying Robot Vacuum,J755020,iRobot,719.45,R61563,Home Appliances,123,WH-WEST,2025-07-18T00:00:00
RET_000048,Apple iPad Air M2 11-inch 128GB,MUWG3LL/A,Apple,663.16,R59050,Tablets,42,WH-WEST,2024-07-05T00:00:00
RET_000049,SAMSUNG 990 EVO PLUS 2TB NVME SSD,MZ-V9E2T0B/AM,Samsung,180.94,R52415,Storage,88,WH-CENTRAL,2025-08-05T00:00:00
RET_000050,Brother HL-L2350DW Monochrome Laser Printer,HLL2350DW,Brother,122.67,R33364,Printers,47,WH-EAST,2024-10-01T00:00:00
RET_000051,Apple MacBook Pro 14 inch M3 Pro,MRX33LL/A,Apple,1658.03,R93257,Laptops,165,WH-CENTRAL,2025-08-26T00:00:00
RET_000052,HP EliteBook 860 G10 i7,6T1Y5EA,HP,1093.65,R72967,Laptops,99,WH-WEST,2025-11-26T00:00:00
RET_000053,SanDisk Extreme PRO 128GB SDXC,SDSDXXD-128G-GN4IN,SanDisk,26.19,R88745,Storage,111,WH-WEST,2024-02-28T00:00:00
RET_000054,CalDigit TS4 Thunderbolt 4 Dock,TS4-2,CalDigit,400.51,R39520,Docks,80,WH-EAST,2025-02-05T00:00:00
RET_000055,Apple iPhone 15 Pro 256GB,MU6A3LL/A,Apple,972.36,R38594,Smartphones,26,WH-EAST,2024-01-24T00:00:00
RET_000056,PHILIPS HUE STARTER KIT E26 4-PACK WITH BRIDGE,563296,Philips Hue,150.13,R34226,Smart Home,23,WH-EAST,2025-04-25T00:00:00
RET_000057,Samsung Galaxy Watch 6 Classic 47mm,SM-R960NZKAXAA,Samsung,374.74,R70727,Wearables,126,WH-EAST,2025-05-18T00:00:00
RET_000058,Dyson V15 Detect Absolute Cordless Vacuum,394472-01,Dyson,714.12,R90935,Home Appliances,88,WH-CENTRAL,2025-12-22T00:00:00
RET_000059,Amazon Kindle Scribe 10.2-in 64GB,C4A6T4,Amazon,290.89,R33716,Tablets,149,WH-CENTRAL,2025-03-22T00:00:00
RET_000060,Essential Home Trash Bags 30ct,SB-427814,Essential Home,21.53,R23291,Household,59,WH-CENTRAL,2025-08-12T00:00:00
RET_000061,BasicChoice Batteries AA 8-Pack,SB-157398,BasicChoice,14.66,R54038,Office Supplies,270,WH-CENTRAL,2024-06-10T00:00:00
RET_000062,BasicChoice Batteries AA 8-Pack,SB-576166,BasicChoice,9.72,R50272,Household,241,WH-EAST,2025-11-07T00:00:00
RET_000063,Essential Home Trash Bags 30ct,SB-654617,Essential Home,10.74,R48770,Office Supplies,426,WH-WEST,2024-06-19T00:00:00
RET_000064,Essential Home Pens 10-Pack,SB-403442,Essential Home,8.19,R89040,Office Supplies,18,WH-WEST,2024-08-17T00:00:00
RET_000065,BasicChoice Paper Towels,SB-230874,BasicChoice,8.78,R79448,Office Supplies,215,WH-EAST,2024-12-07T00:00:00
RET_000066,ValuePick Trash Bags 30ct,SB-139252,ValuePick,14.11,R77237,Household,259,WH-CENTRAL,2024-09-03T00:00:00
RET_000067,Essential Home Trash Bags 30ct,SB-598302,Essential Home,15.48,R35729,Office Supplies,146,WH-CENTRAL,2025-03-11T00:00:00
RET_000068,Store Brand Printer Paper 500ct,SB-566794,Store Brand,7.72,R50072,Household,167,WH-CENTRAL,2024-06-24T00:00:00
RET_000069,ValuePick Pens 10-Pack,SB-922344,ValuePick,24.12,R77090,Office Supplies,51,WH-CENTRAL,2024-06-14T00:00:00
RET_000070,GoodValue Dish Soap 32oz,SB-500048,GoodValue,10.61,R75085,Office Supplies,376,WH-WEST,2025-12-13T00:00:00
RET_000071,ValuePick Sticky Notes 12-Pack,SB-168476,ValuePick,18.31,R50683,Office Supplies,107,WH-WEST,2024-10-20T00:00:00
RET_000072,BasicChoice Hand Sanitizer 12oz,SB-759664,BasicChoice,26.11,R66362,Household,497,WH-WEST,2024-10-19T00:00:00
RET_000073,BasicChoice Paper Towels,SB-217614,BasicChoice,20.93,R16320,Personal Care,304,WH-CENTRAL,2025-08-08T00:00:00
RET_000074,BasicChoice Paper Towels,SB-345317,BasicChoice,16.81,R99621,Personal Care,174,WH-EAST,2024-12-03T00:00:00
RET_000075,BasicChoice Sticky Notes 12-Pack,SB-404621,BasicChoice,20.25,R47681,Office Supplies,333,WH-WEST,2025-05-24T00:00:00
RET_000076,BasicChoice Hand Sanitizer 12oz,SB-980145,BasicChoice,19.10,R97817,Personal Care,370,WH-WEST,2025-08-06T00:00:00
RET_000077,BasicChoice Printer Paper 500ct,SB-614094,BasicChoice,24.42,R53069,Personal Care,363,WH-CENTRAL,2025-09-05T00:00:00
RET_000078,BasicChoice Batteries AA 8-Pack,SB-153836,BasicChoice,24.91,R33481,Office Supplies,36,WH-WEST,2025-12-18T00:00:00
RET_000079,BasicChoice Batteries AA 8-Pack,SB-413775,BasicChoice,24.32,R79313,Personal Care,96,WH-CENTRAL,2025-02-15T00:00:00
RET_000080,Store Brand Printer Paper 500ct,SB-654823,Store Brand,22.52,R49223,Household,473,WH-WEST,2024-05-26T00:00:00
RET_000081,ValuePick Sticky Notes 12-Pack,SB-267642,ValuePick,15.90,R78560,Household,267,WH-EAST,2024-03-24T00:00:00
RET_000082,ValuePick Paper Towels,SB-627200,ValuePick,8.46,R54789,Household,434,WH-CENTRAL,2024-02-19T00:00:00
RET_000083,ValuePick Pens 10-Pack,SB-183662,ValuePick,24.69,R46058,Household,295,WH-EAST,2024-12-26T00:00:00
RET_000084,BasicChoice Trash Bags 30ct,SB-566925,BasicChoice,24.67,R71343,Personal Care,24,WH-WEST,2025-03-18T00:00:00
RET_000085,GoodValue Sticky Notes 12-Pack,SB-331746,GoodValue,18.22,R58977,Office Supplies,321,WH-CENTRAL,2025-12-17T00:00:00
RET_000086,BasicChoice Paper Towels,SB-587251,BasicChoice,22.62,R11558,Personal Care,163,WH-EAST,2024-11-13T00:00:00
RET_000087,Store Brand Batteries AA 8-Pack,SB-352844,Store Brand,6.17,R86610,Office Supplies,5,WH-EAST,2024-10-16T00:00:00
RET_000088,Essential Home Trash Bags 30ct,SB-430457,Essential Home,19.80,R55817,Office Supplies,124,WH-CENTRAL,2025-01-19T00:00:00
RET_000089,Store Brand Printer Paper 500ct,SB-936345,Store Brand,24.49,R23246,Personal Care,367,WH-EAST,2024-05-11T00:00:00
RET_000090,Store Brand Trash Bags 30ct,SB-849347,Store Brand,10.78,R70429,Office Supplies,205,WH-EAST,2025-12-26T00:00:00
RET_000091,BasicChoice Pens 10-Pack,SB-894323,BasicChoice,8.35,R62698,Office Supplies,468,WH-WEST,2024-04-23T00:00:00
RET_000092,Essential Home Sticky Notes 12-Pack,SB-319137,Essential Home,17.78,R56298,Office Supplies,408,WH-CENTRAL,2024-12-01T00:00:00
RET_000093,Essential Home Printer Paper 500ct,SB-887769,Essential Home,28.36,R66387,Office Supplies,187,WH-CENTRAL,2025-08-22T00:00:00
RET_000094,ValuePick Batteries AA 8-Pack,SB-504576,ValuePick,19.92,R59227,Office Supplies,299,WH-WEST,2024-06-12T00:00:00
RET_000095,Store Brand Batteries AA 8-Pack,SB-358053,Store Brand,12.88,R61496,Personal Care,314,WH-EAST,2024-09-08T00:00:00
RET_000096,GoodValue Pens 10-Pack,SB-129541,GoodValue,7.72,R30762,Personal Care,304,WH-WEST,2025-07-01T00:00:00
RET_000097,Essential Home Dish Soap 32oz,SB-646559,Essential Home,10.67,R20775,Household,413,WH-WEST,2025-02-27T00:00:00
RET_000098,GoodValue Batteries AA 8-Pack,SB-209935,GoodValue,3.91,R91717,Personal Care,236,WH-WEST,2024-06-18T00:00:00
RET_000099,Essential Home Sticky Notes 12-Pack,SB-144935,Essential Home,24.53,R58929,Office Supplies,19,WH-EAST,2024-03-16T00:00:00
RET_000100,ValuePick Paper Towels,SB-610243,ValuePick,9.87,R65010,Office Supplies,216,WH-EAST,2024-05-21T00:00:00
RET_000101,Essential Home Hand Sanitizer 12oz,SB-654558,Essential Home,14.79,R85892,Office Supplies,303,WH-WEST,2024-01-19T00:00:00
RET_000102,GoodValue Paper Towels,SB-521665,GoodValue,13.88,R44095,Personal Care,387,WH-CENTRAL,2024-10-06T00:00:00
RET_000103,ValuePick Hand Sanitizer 12oz,SB-633879,ValuePick,27.40,R69551,Household,446,WH-WEST,2025-02-28T00:00:00
RET_000104,ValuePick Printer Paper 500ct,SB-575712,ValuePick,16.98,R27797,Household,63,WH-WEST,2025-04-01T00:00:00
RET_000105,GoodValue Batteries AA 8-Pack,SB-894358,GoodValue,23.51,R60298,Household,397,WH-CENTRAL,2024-04-10T00:00:00
RET_000106,ValuePick Batteries AA 8-Pack,SB-315531,ValuePick,16.19,R81876,Household,226,WH-CENTRAL,2025-09-08T00:00:00
RET_000107,ValuePick Dish Soap 32oz,SB-897946,ValuePick,13.52,R72245,Household,7,WH-WEST,2024-04-23T00:00:00
RET_000108,Store Brand Paper Towels,SB-218192,Store Brand,19.19,R55758,Office Supplies,262,WH-CENTRAL,2025-01-06T00:00:00
RET_000109,BasicChoice Trash Bags 30ct,SB-465618,BasicChoice,13.29,R44669,Office Supplies,496,WH-EAST,2025-02-21T00:00:00
RET_000110,ValuePick Dish Soap 32oz,SB-740903,ValuePick,26.26,R14567,Personal Care,334,WH-WEST,2025-08-05T00:00:00
RET_000111,Store Brand Hand Sanitizer 12oz,SB-169504,Store Brand,22.71,R12579,Office Supplies,362,WH-CENTRAL,2025-12-19T00:00:00
RET_000112,Essential Home Batteries AA 8-Pack,SB-267311,Essential Home,17.69,R45484,Household,399,WH-EAST,2024-01-20T00:00:00
RET_000113,GoodValue Hand Sanitizer 12oz,SB-765103,GoodValue,5.57,R28932,Office Supplies,384,WH-WEST,2025-01-19T00:00:00
RET_000114,BasicChoice Pens 10-Pack,SB-508708,BasicChoice,6.93,R43522,Personal Care,208,WH-EAST,2024-03-12T00:00:00
RET_000115,Store Brand Pens 10-Pack,SB-931993,Store Brand,24.89,R28894,Office Supplies,148,WH-EAST,2025-12-21T00:00:00
RET_000116,ValuePick Trash Bags 30ct,SB-213122,ValuePick,13.90,R79936,Personal Care,26,WH-EAST,2024-05-13T00:00:00
RET_000117,BasicChoice Sticky Notes 12-Pack,SB-500013,BasicChoice,5.58,R38195,Office Supplies,243,WH-EAST,2024-09-13T00:00:00
RET_000118,GoodValue Trash Bags 30ct,SB-258803,GoodValue,4.46,R14606,Office Supplies,304,WH-WEST,2024-07-26T00:00:00
RET_000119,GoodValue Trash Bags 30ct,SB-477897,GoodValue,4.82,R35767,Household,490,WH-CENTRAL,2024-01-11T00:00:00
RET_000120,GoodValue Pens 10-Pack,SB-131483,GoodValue,18.73,R17855,Office Supplies,253,WH-EAST,2024-06-26T00:00:00
RET_000121,BasicChoice Paper Towels,SB-583807,BasicChoice,3.68,R38336,Personal Care,236,WH-EAST,2024-01-21T00:00:00
RET_000122,GoodValue Trash Bags 30ct,SB-214459,GoodValue,7.17,R36764,Personal Care,416,WH-WEST,2024-12-17T00:00:00
RET_000123,GoodValue Batteries AA 8-Pack,SB-619689,GoodValue,20.03,R28682,Office Supplies,61,WH-EAST,2025-06-28T00:00:00
RET_000124,Essential Home Sticky Notes 12-Pack,SB-620070,Essential Home,23.60,R24543,Personal Care,85,WH-CENTRAL,2024-08-27T00:00:00
RET_000125,Store Brand Pens 10-Pack,SB-356773,Store Brand,9.68,R63354,Office Supplies,500,WH-EAST,2024-05-10T00:00:00
RET_000126,ValuePick Trash Bags 30ct,SB-197352,ValuePick,12.37,R94927,Household,7,WH-EAST,2025-03-07T00:00:00
RET_000127,BasicChoice Hand Sanitizer 12oz,SB-248809,BasicChoice,22.64,R97073,Personal Care,8,WH-CENTRAL,2025-05-24T00:00:00
RET_000128,GoodValue Pens 10-Pack,SB-494083,GoodValue,25.97,R90874,Office Supplies,106,WH-CENTRAL,2024-07-21T00:00:00
RET_000129,Essential Home Printer Paper 500ct,SB-236891,Essential Home,5.45,R71646,Household,40,WH-CENTRAL,2025-10-27T00:00:00
RET_000130,Essential Home Paper Towels,SB-810019,Essential Home,28.23,R27555,Household,485,WH-WEST,2025-10-18T00:00:00
RET_000131,Essential Home Batteries AA 8-Pack,SB-237796,Essential Home,12.94,R23863,Office Supplies,294,WH-CENTRAL,2024-06-18T00:00:00
RET_000132,BasicChoice Batteries AA 8-Pack,SB-550748,BasicChoice,7.44,R80843,Household,387,WH-CENTRAL,2025-12-20T00:00:00
RET_000133,BasicChoice Sticky Notes 12-Pack,SB-683010,BasicChoice,9.64,R66093,Personal Care,345,WH-WEST,2024-04-15T00:00:00
RET_000134,GoodValue Paper Towels,SB-624497,GoodValue,26.60,R78880,Household,159,WH-WEST,2025-01-17T00:00:00
RET_000135,ValuePick Pens 10-Pack,SB-684570,ValuePick,24.34,R21609,Personal Care,56,WH-CENTRAL,2024-08-10T00:00:00
RET_000136,BasicChoice Trash Bags 30ct,SB-415386,BasicChoice,5.23,R15716,Office Supplies,206,WH-CENTRAL,2024-07-20T00:00:00
RET_000137,ValuePick Dish Soap 32oz,SB-341656,ValuePick,23.42,R46516,Personal Care,137,WH-CENTRAL,2025-05-15T00:00:00
RET_000138,Store Brand Trash Bags 30ct,SB-701970,Store Brand,6.05,R79177,Household,163,WH-WEST,2025-03-05T00:00:00
RET_000139,Store Brand Trash Bags 30ct,SB-274587,Store Brand,4.71,R36122,Personal Care,372,WH-WEST,2024-01-12T00:00:00
RET_000140,Essential Home Paper Towels,SB-898346,Essential Home,25.84,R38548,Office Supplies,31,WH-EAST,2024-09-17T00:00:00
RET_000141,GoodValue Dish Soap 32oz,SB-879906,GoodValue,23.63,R62862,Household,122,WH-CENTRAL,2024-10-01T00:00:00
RET_000142,Store Brand Batteries AA 8-Pack,SB-224896,Store Brand,6.15,R63240,Office Supplies,11,WH-CENTRAL,2024-07-19T00:00:00
RET_000143,ValuePick Dish Soap 32oz,SB-618491,ValuePick,6.61,R36416,Household,379,WH-CENTRAL,2025-12-23T00:00:00
RET_000144,BasicChoice Paper Towels,SB-668094,BasicChoice,13.09,R54150,Household,278,WH-EAST,2025-08-09T00:00:00
RET_000145,GoodValue Dish Soap 32oz,SB-124177,GoodValue,4.06,R88213,Personal Care,263,WH-WEST,2024-04-14T00:00:00
RET_000146,Store Brand Batteries AA 8-Pack,SB-356186,Store Brand,21.80,R68414,Office Supplies,475,WH-EAST,2024-06-03T00:00:00
RET_000147,BasicChoice Printer Paper 500ct,SB-445742,BasicChoice,21.05,R75699,Office Supplies,388,WH-CENTRAL,2025-03-01T00:00:00
RET_000148,ValuePick Hand Sanitizer 12oz,SB-797020,ValuePick,23.93,R11577,Office Supplies,185,WH-EAST,2025-04-09T00:00:00
RET_000149,GoodValue Sticky Notes 12-Pack,SB-437276,GoodValue,3.78,R59160,Personal Care,310,WH-CENTRAL,2025-05-19T00:00:00
RET_000150,Essential Home Sticky Notes 12-Pack,SB-255472,Essential Home,14.23,R17034,Office Supplies,29,WH-CENTRAL,2024-05-21T00:00:00
RET_000151,Store Brand Trash Bags 30ct,SB-665260,Store Brand,21.36,R22006,Personal Care,259,WH-EAST,2024-11-08T00:00:00
RET_000152,BasicChoice Pens 10-Pack,SB-904318,BasicChoice,18.51,R47877,Office Supplies,76,WH-WEST,2024-01-17T00:00:00
RET_000153,Essential Home Batteries AA 8-Pack,SB-822287,Essential Home,15.92,R52567,Office Supplies,239,WH-EAST,2025-11-07T00:00:00
RET_000154,GoodValue Hand Sanitizer 12oz,SB-333066,GoodValue,7.15,R55146,Household,8,WH-EAST,2025-02-06T00:00:00
RET_000155,BasicChoice Batteries AA 8-Pack,SB-687216,BasicChoice,28.80,R28283,Personal Care,359,WH-WEST,2024-09-04T00:00:00
RET_000156,GoodValue Batteries AA 8-Pack,SB-924497,GoodValue,19.34,R92778,Household,177,WH-CENTRAL,2024-05-22T00:00:00
RET_000157,GoodValue Batteries AA 8-Pack,SB-163787,GoodValue,25.97,R70902,Personal Care,88,WH-EAST,2024-05-14T00:00:00
RET_000158,GoodValue Paper Towels,SB-233994,GoodValue,4.40,R83604,Office Supplies,267,WH-EAST,2025-02-01T00:00:00
RET_000159,Store Brand Trash Bags 30ct,SB-233328,Store Brand,8.21,R84422,Personal Care,473,WH-CENTRAL,2025-02-12T00:00:00
RET_000160,Store Brand Trash Bags 30ct,SB-377339,Store Brand,3.76,R79776,Personal Care,191,WH-EAST,2025-12-14T00:00:00
RET_000161,GoodValue Printer Paper 500ct,SB-954481,GoodValue,8.83,R43888,Household,195,WH-CENTRAL,2024-05-21T00:00:00
RET_000162,ValuePick Trash Bags 30ct,SB-539313,ValuePick,28.44,R38673,Personal Care,153,WH-WEST,2024-02-20T00:00:00
RET_000163,Store Brand Printer Paper 500ct,SB-483727,Store Brand,9.15,R75433,Personal Care,380,WH-CENTRAL,2024-12-10T00:00:00
RET_000164,GoodValue Trash Bags 30ct,SB-466710,GoodValue,9.75,R83181,Household,42,WH-WEST,2025-09-06T00:00:00
RET_000165,ValuePick Printer Paper 500ct,SB-885858,ValuePick,22.68,R99048,Office Supplies,422,WH-WEST,2024-07-15T00:00:00
RET_000166,Store Brand Sticky Notes 12-Pack,SB-837770,Store Brand,25.03,R60780,Household,477,WH-CENTRAL,2025-03-28T00:00:00
RET_000167,ValuePick Hand Sanitizer 12oz,SB-751586,ValuePick,28.57,R67924,Household,436,WH-CENTRAL,2025-09-28T00:00:00
RET_000168,Essential Home Hand Sanitizer 12oz,SB-970181,Essential Home,15.31,R20553,Personal Care,81,WH-CENTRAL,2024-11-07T00:00:00
RET_000169,Essential Home Paper Towels,SB-214140,Essential Home,3.95,R76880,Household,256,WH-CENTRAL,2025-05-05T00:00:00
RET_000170,ValuePick Dish Soap 32oz,SB-385081,ValuePick,11.14,R37456,Household,27,WH-WEST,2025-12-25T00:00:00
RET_000171,GoodValue Trash Bags 30ct,SB-258141,GoodValue,27.63,R21387,Household,404,WH-CENTRAL,2025-05-20T00:00:00
RET_000172,Essential Home Trash Bags 30ct,SB-702755,Essential Home,12.28,R32553,Office Supplies,496,WH-WEST,2025-05-21T00:00:00
RET_000173,Store Brand Batteries AA 8-Pack,SB-844758,Store Brand,5.63,R90276,Household,396,WH-EAST,2024-09-05T00:00:00
RET_000174,GoodValue Dish Soap 32oz,SB-801172,GoodValue,3.07,R66234,Office Supplies,157,WH-EAST,2025-11-19T00:00:00
RET_000175,Essential Home Trash Bags 30ct,SB-653894,Essential Home,21.82,R77740,Household,300,WH-WEST,2024-07-13T00:00:00
RET_000176,Essential Home Paper Towels,SB-203116,Essential Home,12.03,R23206,Office Supplies,93,WH-EAST,2024-06-10T00:00:00
RET_000177,ValuePick Hand Sanitizer 12oz,SB-861483,ValuePick,5.14,R34443,Office Supplies,441,WH-EAST,2024-12-13T00:00:00
RET_000178,Store Brand Hand Sanitizer 12oz,SB-653535,Store Brand,18.89,R65559,Office Supplies,421,WH-EAST,2025-03-04T00:00:00
RET_000179,BasicChoice Sticky Notes 12-Pack,SB-161293,BasicChoice,4.37,R36559,Office Supplies,31,WH-CENTRAL,2024-02-20T00:00:00
RET_000180,GoodValue Paper Towels,SB-946817,GoodValue,5.08,R46178,Office Supplies,480,WH-EAST,2024-05-16T00:00:00
RET_000181,Store Brand Dish Soap 32oz,SB-823369,Store Brand,5.78,R75061,Personal Care,50,WH-CENTRAL,2025-11-18T00:00:00
RET_000182,GoodValue Paper Towels,SB-210060,GoodValue,23.30,R92620,Household,452,WH-EAST,2025-11-23T00:00:00
RET_000183,BasicChoice Paper Towels,SB-370921,BasicChoice,21.77,R22913,Personal Care,331,WH-WEST,2025-09-11T00:00:00
RET_000184,Essential Home Paper Towels,SB-180783,Essential Home,19.35,R37005,Household,174,WH-EAST,2025-09-06T00:00:00
RET_000185,Store Brand Paper Towels,SB-274554,Store Brand,15.29,R83152,Personal Care,346,WH-WEST,2024-08-05T00:00:00
RET_000186,GoodValue Paper Towels,SB-590679,GoodValue,21.59,R24673,Household,54,WH-WEST,2024-09-23T00:00:00
RET_000187,BasicChoice Batteries AA 8-Pack,SB-592811,BasicChoice,23.26,R30267,Office Supplies,457,WH-EAST,2025-05-16T00:00:00
RET_000188,GoodValue Batteries AA 8-Pack,SB-608732,GoodValue,16.92,R54413,Office Supplies,20,WH-WEST,2025-09-28T00:00:00
RET_000189,Store Brand Paper Towels,SB-400727,Store Brand,7.73,R81700,Office Supplies,344,WH-CENTRAL,2025-06-15T00:00:00
RET_000190,BasicChoice Paper Towels,SB-782970,BasicChoice,3.38,R43671,Personal Care,444,WH-WEST,2024-03-07T00:00:00
RET_000191,GoodValue Trash Bags 30ct,SB-964278,GoodValue,7.22,R25930,Household,299,WH-EAST,2025-10-22T00:00:00
RET_000192,GoodValue Printer Paper 500ct,SB-372191,GoodValue,25.02,R62220,Personal Care,241,WH-EAST,2025-08-22T00:00:00
RET_000193,Essential Home Batteries AA 8-Pack,SB-823615,Essential Home,14.36,R25518,Office Supplies,295,WH-WEST,2024-02-11T00:00:00
RET_000194,Store Brand Batteries AA 8-Pack,SB-412676,Store Brand,24.81,R29030,Household,37,WH-EAST,2025-01-07T00:00:00
RET_000195,ValuePick Printer Paper 500ct,SB-952880,ValuePick,4.21,R95036,Personal Care,392,WH-WEST,2024-05-28T00:00:00
RET_000196,ValuePick Batteries AA 8-Pack,SB-332921,ValuePick,19.12,R85744,Office Supplies,147,WH-CENTRAL,2025-09-03T00:00:00
RET_000197,ValuePick Paper Towels,SB-212341,ValuePick,3.27,R65716,Personal Care,414,WH-EAST,2024-06-28T00:00:00
RET_000198,ValuePick Paper Towels,SB-486191,ValuePick,6.83,R19341,Household,243,WH-CENTRAL,2025-12-18T00:00:00
RET_000199,GoodValue Hand Sanitizer 12oz,SB-932766,GoodValue,13.51,R42121,Office Supplies,341,WH-CENTRAL,2025-04-10T00:00:00
RET_000200,BasicChoice Batteries AA 8-Pack,SB-441680,BasicChoice,5.43,R12238,Office Supplies,450,WH-WEST,2025-07-09T00:00:00
RET_000201,ValuePick Pens 10-Pack,SB-947652,ValuePick,16.14,R86704,Household,438,WH-EAST,2025-08-08T00:00:00
RET_000202,BasicChoice Printer Paper 500ct,SB-902075,BasicChoice,11.34,R24570,Office Supplies,279,WH-EAST,2025-08-11T00:00:00
RET_000203,Store Brand Trash Bags 30ct,SB-490191,Store Brand,9.09,R83765,Household,259,WH-EAST,2025-06-09T00:00:00
RET_000204,ValuePick Sticky Notes 12-Pack,SB-770555,ValuePick,25.21,R15978,Personal Care,415,WH-CENTRAL,2025-03-08T00:00:00
RET_000205,GoodValue Paper Towels,SB-924985,GoodValue,6.99,R48367,Household,388,WH-CENTRAL,2025-05-14T00:00:00
RET_000206,GoodValue Pens 10-Pack,SB-475498,GoodValue,6.68,R18474,Household,52,WH-EAST,2025-04-02T00:00:00
RET_000207,BasicChoice Pens 10-Pack,SB-502940,BasicChoice,6.19,R44547,Personal Care,246,WH-CENTRAL,2024-08-22T00:00:00
RET_000208,Store Brand Dish Soap 32oz,SB-433499,Store Brand,5.54,R50225,Office Supplies,271,WH-EAST,2024-08-10T00:00:00
RET_000209,Store Brand Hand Sanitizer 12oz,SB-440071,Store Brand,16.08,R70164,Personal Care,92,WH-WEST,2024-03-19T00:00:00
RET_000210,ValuePick Printer Paper 500ct,SB-888257,ValuePick,9.75,R61698,Personal Care,270,WH-WEST,2024-08-06T00:00:00
RET_000211,BasicChoice Hand Sanitizer 12oz,SB-570490,BasicChoice,28.92,R64607,Household,128,WH-EAST,2024-08-21T00:00:00
RET_000212,GoodValue Dish Soap 32oz,SB-170881,GoodValue,6.74,R37069,Household,106,WH-CENTRAL,2025-08-14T00:00:00
RET_000213,ValuePick Printer Paper 500ct,SB-328472,ValuePick,18.70,R79338,Household,369,WH-CENTRAL,2025-10-02T00:00:00
RET_000214,GoodValue Paper Towels,SB-642126,GoodValue,23.73,R78592,Household,302,WH-CENTRAL,2024-03-02T00:00:00
RET_000215,Essential Home Printer Paper 500ct,SB-372323,Essential Home,23.21,R10789,Household,403,WH-EAST,2024-08-07T00:00:00
RET_000216,BasicChoice Sticky Notes 12-Pack,SB-443274,BasicChoice,22.30,R88142,Household,219,WH-WEST,2024-06-07T00:00:00
RET_000217,Essential Home Sticky Notes 12-Pack,SB-872533,Essential Home,14.71,R72087,Personal Care,304,WH-WEST,2025-12-11T00:00:00
RET_000218,Essential Home Hand Sanitizer 12oz,SB-991854,Essential Home,7.13,R20089,Personal Care,360,WH-EAST,2024-09-09T00:00:00
RET_000219,ValuePick Trash Bags 30ct,SB-521990,ValuePick,15.40,R27070,Household,373,WH-EAST,2024-01-23T00:00:00
RET_000220,ValuePick Trash Bags 30ct,SB-254376,ValuePick,27.54,R73195,Office Supplies,54,WH-EAST,2025-06-21T00:00:00
RET_000221,GoodValue Sticky Notes 12-Pack,SB-615710,GoodValue,18.78,R23973,Household,84,WH-EAST,2025-03-20T00:00:00
RET_000222,BasicChoice Printer Paper 500ct,SB-381233,BasicChoice,5.96,R82415,Household,295,WH-CENTRAL,2024-01-12T00:00:00
RET_000223,ValuePick Batteries AA 8-Pack,SB-706690,ValuePick,24.72,R11030,Office Supplies,299,WH-EAST,2024-01-06T00:00:00
RET_000224,GoodValue Paper Towels,SB-379069,GoodValue,5.49,R34167,Personal Care,203,WH-WEST,2025-02-02T00:00:00
RET_000225,GoodValue Paper Towels,SB-572464,GoodValue,25.58,R70889,Office Supplies,471,WH-EAST,2024-07-07T00:00:00
RET_000226,GoodValue Paper Towels,SB-818537,GoodValue,26.09,R11412,Office Supplies,149,WH-CENTRAL,2024-04-06T00:00:00
RET_000227,GoodValue Pens 10-Pack,SB-393247,GoodValue,7.77,R59379,Personal Care,114,WH-EAST,2025-03-19T00:00:00
RET_000228,Essential Home Pens 10-Pack,SB-353405,Essential Home,14.26,R82772,Office Supplies,276,WH-EAST,2024-12-13T00:00:00
RET_000229,Essential Home Hand Sanitizer 12oz,SB-466785,Essential Home,4.58,R90711,Personal Care,313,WH-CENTRAL,2025-02-23T00:00:00
RET_000230,BasicChoice Dish Soap 32oz,SB-335789,BasicChoice,22.19,R26675,Household,358,WH-EAST,2025-03-18T00:00:00
RET_000231,Store Brand Trash Bags 30ct,SB-223598,Store Brand,26.26,R60805,Office Supplies,178,WH-CENTRAL,2024-05-25T00:00:00
RET_000232,BasicChoice Sticky Notes 12-Pack,SB-970784,BasicChoice,4.55,R66419,Personal Care,214,WH-WEST,2025-11-11T00:00:00
RET_000233,ValuePick Pens 10-Pack,SB-679825,ValuePick,25.44,R94478,Household,182,WH-EAST,2025-05-20T00:00:00
RET_000234,BasicChoice Printer Paper 500ct,SB-857896,BasicChoice,3.61,R10074,Personal Care,439,WH-CENTRAL,2025-05-27T00:00:00
RET_000235,Store Brand Sticky Notes 12-Pack,SB-481039,Store Brand,22.45,R64104,Office Supplies,86,WH-EAST,2024-11-23T00:00:00
RET_000236,Store Brand Trash Bags 30ct,SB-273962,Store Brand,18.47,R34401,Office Supplies,462,WH-WEST,2025-04-20T00:00:00
RET_000237,Store Brand Hand Sanitizer 12oz,SB-700228,Store Brand,9.74,R14534,Personal Care,115,WH-EAST,2024-06-07T00:00:00
RET_000238,ValuePick Dish Soap 32oz,SB-275922,ValuePick,7.51,R42070,Household,34,WH-EAST,2024-06-21T00:00:00
RET_000239,Essential Home Printer Paper 500ct,SB-162263,Essential Home,25.19,R24879,Personal Care,452,WH-CENTRAL,2024-06-10T00:00:00
RET_000240,Essential Home Paper Towels,SB-524484,Essential Home,8.88,R86139,Personal Care,416,WH-CENTRAL,2025-12-26T00:00:00
RET_000241,ValuePick Dish Soap 32oz,SB-357533,ValuePick,22.63,R35263,Office Supplies,150,WH-EAST,2025-03-19T00:00:00
RET_000242,GoodValue Trash Bags 30ct,SB-663508,GoodValue,3.19,R13493,Household,288,WH-CENTRAL,2024-02-05T00:00:00
RET_000243,Essential Home Hand Sanitizer 12oz,SB-707951,Essential Home,5.35,R17540,Household,399,WH-WEST,2025-06-28T00:00:00
RET_000244,BasicChoice Trash Bags 30ct,SB-223631,BasicChoice,27.74,R28696,Office Supplies,495,WH-WEST,2025-04-03T00:00:00
RET_000245,GoodValue Pens 10-Pack,SB-489750,GoodValue,11.03,R46419,Office Supplies,33,WH-EAST,2025-03-20T00:00:00
RET_000246,Essential Home Batteries AA 8-Pack,SB-569905,Essential Home,17.73,R54813,Personal Care,407,WH-EAST,2024-03-13T00:00:00
RET_000247,GoodValue Batteries AA 8-Pack,SB-204726,GoodValue,21.28,R73126,Household,118,WH-CENTRAL,2025-03-14T00:00:00
RET_000248,Essential Home Pens 10-Pack,SB-800217,Essential Home,11.28,R76675,Personal Care,469,WH-WEST,2025-07-04T00:00:00
RET_000249,ValuePick Paper Towels,SB-546403,ValuePick,26.15,R25789,Household,414,WH-EAST,2024-01-19T00:00:00
