item_id,item_name,gtin,manufacturer,mpn,product_category,unit_cost,moq,lead_time_days,last_updated
WHL_000000,Sony WH-1000XM5 Wireless Headphones,0030022000221,Sony,WH1000XM5/B,Audio,156.16,10,12,2025-04-08T00:00:00
WHL_000001,Dell Latitude 5540 i5 vPro,0030015000153,Dell,LAT5540-I5,Laptops,489.13,10,20,2025-04-05T00:00:00
WHL_000002,NZXT H7 Flow Mid-Tower Case,0030092000923,NZXT,CM-H71FW-01,Cases,60.05,5,8,2025-04-18T00:00:00
WHL_000003,Sonos Era 300 Spatial Audio Speaker,0030097000973,Sonos,E30G1US1,Audio,248.68,1,21,2025-08-04T00:00:00
WHL_000004,Microsoft Xbox Series X 1TB,0030037000377,Microsoft,RRT-00001,Gaming,233.09,5,10,2025-10-06T00:00:00
WHL_000005,Microsoft Office Home & Business 2024,0030081000811,Microsoft,T5D-03518,Software,168.92,10,6,2024-04-22T00:00:00
WHL_000006,Logitech MX Master 3S Mouse,0030031000311,Logitech,910-006556,Peripherals,49.99,50,30,2025-08-07T00:00:00
WHL_000007,LG C3 65-inch OLED 4K Smart TV,0030026000265,LG,OLED65C3PUA,TVs,709.82,25,25,2025-08-05T00:00:00
WHL_000008,ASUS ProArt PA279CRV 27-in 4K Monitor,0030076000765,ASUS,PA279CRV,Monitors,336.23,50,27,2025-01-18T00:00:00
WHL_000009,Samsung T7 Shield 2TB Portable SSD,0030094000945,Samsung,MU-PE2T0S/AM,Storage,97.30,25,16,2025-06-01T00:00:00
WHL_000010,Seagate FireCuda 530 2TB NVMe SSD,0030043000439,Seagate,ZP2000GM3A023,Storage,101.37,25,22,2024-06-05T00:00:00
WHL_000011,Sony PlayStation 5 Digital Edition,0030023000237,Sony,CFI-2015,Gaming,255.64,25,8,2025-04-07T00:00:00
WHL_000012,Anker Nano II 65W USB-C Charger,0030082000827,Anker,A2663111,Power,19.70,5,25,2025-04-13T00:00:00
WHL_000013,JBL Charge 5 Portable Bluetooth Speaker,0030063000631,JBL,JBLCHARGE5BLKAM,Audio,92.39,1,24,2024-11-23T00:00:00
WHL_000014,Corsair Vengeance DDR5 32GB 6000MHz,0030047000473,Corsair,CMK32GX5M2B6000C36,Memory,45.65,1,15,2025-06-13T00:00:00
WHL_000015,be quiet! Dark Rock Pro 5 CPU Cooler,0030093000939,be quiet!,BK036,Cooling,39.82,25,16,2024-07-09T00:00:00
WHL_000016,Ubiquiti UniFi Dream Machine Pro,0030050000507,Ubiquiti,UDM-PRO,Networking,215.90,10,18,2024-03-08T00:00:00
WHL_000017,Ecobee Smart Thermostat Premium,0030061000619,Ecobee,EB-STATE5P-01,Smart Home,146.89,50,19,2024-01-13T00:00:00
WHL_000018,Logitech Rally Bar Mini Video Conference,0030034000349,Logitech,960-001498,Peripherals,1546.30,1,25,2024-02-20T00:00:00
WHL_000019,THERAGUN PRO PLUS PERCUSSIVE THERAPY DEVICE,0030072000721,Theragun,G5PRO-BLK-PKG-US,Fitness,254.99,1,19,2025-08-05T00:00:00
WHL_000020,Dyson V15 Detect Absolute Cordless Vacuum,0030058000585,Dyson,394472-01,Home Appliances,362.55,10,30,2024-04-14T00:00:00
WHL_000021,GoPro HERO12 Black,0030068000681,GoPro,CHDHX-121-RW,Cameras,196.25,5,30,2024-10-02T00:00:00
WHL_000022,AMD Ryzen 9 7950X3D Processor,0030089000899,AMD,100-100000908WOF,Processors,337.37,5,12,2025-07-06T00:00:00
WHL_000023,Lenovo Tab M10 Plus 3rd Gen 128GB,0030018000181,Lenovo,ZAAJ0375US,Tablets,97.96,5,22,2024-02-25T00:00:00
WHL_000024,Logitech MX Keys S Keyboard,0030032000327,Logitech,920-011406,Peripherals,51.51,5,20,2024-08-18T00:00:00
WHL_000025,Samsung Galaxy Tab S9 FE 128GB,0030009000091,Samsung,SM-X510NZAAXAR,Tablets,260.22,5,20,2024-04-26T00:00:00
WHL_000026,Corsair K70 RGB Pro Mechanical Keyboard,0030075000759,Corsair,CH-9109410-NA,Peripherals,69.74,10,19,2024-09-17T00:00:00
WHL_000027,Google Chromecast with Google TV 4K,0030098000989,Google,GA01919-US,Smart Home,26.48,5,4,2025-03-28T00:00:00
WHL_000028,NVIDIA GeForce RTX 4070 Ti Super,0030048000489,NVIDIA,900-1G141-2560-000,Graphics Cards,394.32,10,21,2025-08-08T00:00:00
WHL_000029,Garmin Forerunner 265 GPS Running Watch,0030070000709,Garmin,010-02810-00,Wearables,235.80,5,8,2024-02-13T00:00:00
WHL_000030,Belkin BoostCharge Pro 3 in 1 MagSafe Charger,0030083000833,Belkin,WIZ017ttWH,Power,68.01,50,28,2025-11-25T00:00:00
WHL_000031,Apple MacBook Air M3 13-inch 256GB,0030000000007,Apple,MQKQ3LL/A,Laptops,578.42,25,19,2025-11-17T00:00:00
WHL_000032,Samsung Galaxy S24 Ultra 256GB,0030008000085,Samsung,SM-S928UZKAXAA,Smartphones,684.37,25,27,2025-09-14T00:00:00
WHL_000033,Sony Alpha a7 IV Camera Body,0030024000243,Sony,ILCE7M4/B,Cameras,1066.22,5,28,2024-04-03T00:00:00
WHL_000034,Razer DeathAdder V3 Pro WL Mouse,0030073000737,Razer,RZ01-04630100-R3U1,Peripherals,92.37,10,6,2025-07-13T00:00:00
WHL_000035,MSI CREATOR Z17 HX STUDIO I9,0030086000861,MSI,CREATORZ17HX-A14VFT-209US,Laptops,1399.20,25,9,2024-04-14T00:00:00
WHL_000036,Amazon Fire HD 10 2023 32GB,0030079000793,Amazon,T76N2B,Tablets,77.95,25,30,2024-11-26T00:00:00
WHL_000037,Dyson Purifier Cool TP07,0030059000591,Dyson,368690-01,Home Appliances,251.62,1,10,2025-05-16T00:00:00
WHL_000038,Microsoft Surface Pro 9 i7 16GB,0030035000355,Microsoft,QIL-00001,Laptops,927.18,10,9,2025-03-14T00:00:00
WHL_000039,Crucial P5 Plus 2TB NVMe SSD,0030095000951,Crucial,CT2000P5PSSD8,Storage,82.34,5,23,2024-05-12T00:00:00
WHL_000040,Brother HL-L2350DW Monochrome Laser Printer,0030052000529,Brother,HLL2350DW,Printers,60.76,25,23,2025-02-20T00:00:00
WHL_000041,Lenovo ThinkPad T14 Gen 4 AMD,0030017000175,Lenovo,21K3CTO1WWUS,Laptops,491.18,50,18,2024-08-03T00:00:00
WHL_000042,Audio Technica ATH M50x Studio Headphones,0030065000653,Audio-Technica,ATH-M50X,Audio,73.59,50,8,2024-02-05T00:00:00
WHL_000043,Microsoft Surface Laptop 5 15-inch i7,0030036000361,Microsoft,RBG-00001,Laptops,842.88,1,3,2024-11-17T00:00:00
WHL_000044,Sony InZone H9 Wireless Gaming Headset,0030096000967,Sony,WHG900N/B,Audio,142.99,10,28,2025-06-20T00:00:00
WHL_000045,Samsung 990 EVO Plus 2TB NVMe SSD,0030012000125,Samsung,MZ-V9E2T0B/AM,Storage,72.92,50,21,2024-08-25T00:00:00
WHL_000046,Shure SM7dB Dynamic Vocal Microphone,0030064000647,Shure,SM7DB,Audio,238.40,1,24,2024-03-27T00:00:00
WHL_000047,Apple iPhone 15 128GB,0030003000035,Apple,MTP03LL/A,Smartphones,459.89,25,26,2025-03-05T00:00:00
WHL_000048,LG UltraGear 27GP850 B 27 inch Gaming Monitor,0030027000271,LG,27GP850-B,Monitors,227.70,50,15,2025-07-08T00:00:00
WHL_000049,Google Nest Hub Max 10-in,0030040000401,Google,GA00639-US,Smart Home,101.17,5,9,2025-10-07T00:00:00
WHL_000050,ASUS ROG Strix G16 i9 RTX 4070,0030084000849,ASUS,G614JV-AS94,Laptops,933.04,5,16,2025-04-01T00:00:00
WHL_000051,Google Pixel 8 Pro 128GB,0030038000383,Google,GA04834-US,Smartphones,627.69,1,11,2025-02-08T00:00:00
WHL_000052,Apple Apple Watch Series 9 45mm,0030006000063,Apple,MR9A3LL/A,Wearables,236.87,25,6,2024-11-15T00:00:00
WHL_000053,Bose SoundLink Flex BT Speaker,0030030000305,Bose,865983-0100,Audio,78.82,10,30,2025-05-19T00:00:00
WHL_000054,Netgear Nighthawk RAXE500 WiFi 6E Router,0030051000513,Netgear,RAXE500-100NAS,Networking,274.66,10,23,2025-09-05T00:00:00
WHL_000055,Canon EOS R6 Mark II Body,0030066000669,Canon,5666C002,Cameras,1456.53,50,19,2025-10-25T00:00:00
WHL_000056,HP LaserJet Pro MFP 4101fdw,0030020000209,HP,2Z619A,Printers,271.05,1,16,2025-05-11T00:00:00
WHL_000057,Apple Mac Mini M2 256GB,0030007000079,Apple,MMFJ3LL/A,Desktops,343.31,25,4,2025-05-04T00:00:00
WHL_000058,Nikon Z8 Mirrorless Camera Body,0030067000675,Nikon,1653,Cameras,2326.18,5,10,2025-03-04T00:00:00
WHL_000059,Samsung Galaxy Buds FE,0030011000119,Samsung,SM-R400NZAAXAR,Audio,50.52,25,26,2025-07-19T00:00:00
WHL_000060,WESTERN DIGITAL MY PASSPORT 5TB EXTERNAL HDD,0030042000423,Western Digital,WDBPKJ0050BBK,Storage,67.38,5,22,2025-11-03T00:00:00
WHL_000061,Intel Core i9-14900K Processor,0030088000883,Intel,BX8071514900K,Processors,359.59,1,16,2025-07-05T00:00:00
WHL_000062,Philips Hue Starter Kit E26 4-Pack with Bridge,0030062000625,Philips Hue,563296,Smart Home,86.84,10,14,2024-05-08T00:00:00
WHL_000063,Apple iPhone 15 Pro 256GB,0030002000029,Apple,MU6A3LL/A,Smartphones,596.71,25,21,2024-07-14T00:00:00
WHL_000064,Apple iPad Air M2 11 inch 128GB,0030004000041,Apple,MUWG3LL/A,Tablets,367.77,50,28,2024-06-06T00:00:00
WHL_000065,Epson EcoTank ET-4850 All-in-One Printer,0030053000535,Epson,C11CJ21100,Printers,216.24,1,6,2024-02-26T00:00:00
WHL_000066,Acer Swift Go 14 OLED i7,0030085000855,Acer,SFG14-72-73RN,Laptops,646.84,25,18,2024-12-21T00:00:00
WHL_000067,ASUS ROG MAXIMUS Z790 HERO MOTHERBOARD,0030090000901,ASUS,90MB1BH0-M0AAY0,Motherboards,291.18,25,8,2024-03-10T00:00:00
WHL_000068,Western Digital WD Black SN850X 2TB NVMe,0030041000417,Western Digital,WDS200T2X0E,Storage,103.81,10,24,2024-01-06T00:00:00
WHL_000069,Sony WF-1000XM5 Earbuds,0030025000259,Sony,WF1000XM5/B,Audio,168.97,1,21,2024-01-20T00:00:00
WHL_000070,iRobot Roomba j7+ Self-Emptying Robot Vacuum,0030060000603,iRobot,J755020,Home Appliances,299.53,5,15,2025-02-09T00:00:00
WHL_000071,Fitbit Charge 6 Fitness Tracker,0030071000715,Fitbit,GA05183-US,Wearables,86.00,50,5,2025-03-03T00:00:00
WHL_000072,HP Poly Voyager Focus 2 Headset,0030021000215,HP,76U46AA,Audio,135.68,5,23,2024-08-20T00:00:00
WHL_000073,Dell XPS 15 9530 i7 16GB,0030013000131,Dell,XPS9530-7527SLV,Laptops,707.64,25,30,2025-11-06T00:00:00
WHL_000074,Logitech C920x HD Pro Webcam,0030033000333,Logitech,960-001335,Peripherals,37.70,10,19,2025-05-21T00:00:00
WHL_000075,Apple MacBook Pro 14-inch M3 Pro,0030001000013,Apple,MRX33LL/A,Laptops,1025.17,5,28,2025-11-11T00:00:00
WHL_000076,SanDisk Ultra Dual Drive Go 256GB USB-C,0030045000451,SanDisk,SDDDC3-256G-G46,Storage,10.30,5,4,2024-01-19T00:00:00
WHL_000077,CORSAIR RM1000X 1000W 80+ GOLD PSU,0030091000917,Corsair,CP-9020201-NA,Power Supplies,120.83,25,7,2024-12-03T00:00:00
WHL_000078,SanDisk Extreme PRO 128GB SDXC,0030044000445,SanDisk,SDSDXXD-128G-GN4IN,Storage,13.36,10,21,2024-12-16T00:00:00
WHL_000079,APC BACK-UPS PRO 1500VA UPS,0030078000787,APC,BX1500M,Power,116.83,50,26,2025-12-07T00:00:00
WHL_000080,Unbranded Cable Bulk 54-Pack,4600080349,Unbranded,GEN-18658,Cables,18.85,10,9,2025-07-06T00:00:00
WHL_000081,Unbranded Office Supplie Bulk 67-Pack,4600081513,Unbranded,GEN-27419,Office Supplies,33.26,50,34,2025-10-28T00:00:00
WHL_000082,OEM Cable Bulk 63-Pack,4200082422,OEM,GEN-22218,Cables,43.59,100,28,2024-01-05T00:00:00
WHL_000083,OEM Cleanin Bulk 33-Pack,4400083359,OEM,GEN-64771,Cleaning,30.59,10,7,2025-12-11T00:00:00
WHL_000084,AmazonBasics Packagin Bulk 74-Pack,4100084717,AmazonBasics,GEN-36438,Packaging,17.52,25,16,2025-11-22T00:00:00
WHL_000085,AmazonBasics Packagin Bulk 88-Pack,4800085854,AmazonBasics,GEN-90245,Packaging,27.01,25,34,2024-08-24T00:00:00
WHL_000086,AmazonBasics Cleanin Bulk 46-Pack,4700086159,AmazonBasics,GEN-53595,Cleaning,15.22,10,33,2024-08-27T00:00:00
WHL_000087,Unbranded Office Supplie Bulk 39-Pack,4900087833,Unbranded,GEN-51311,Office Supplies,45.79,25,35,2025-05-21T00:00:00
WHL_000088,Generic Adapter Bulk 60-Pack,4900088427,Generic,GEN-44782,Adapters,33.75,10,40,2024-01-08T00:00:00
WHL_000089,Unbranded Adapter Bulk 19-Pack,4600089168,Unbranded,GEN-45865,Adapters,20.45,100,8,2025-10-22T00:00:00
WHL_000090,Generic Office Supplie Bulk 94-Pack,4300090785,Generic,GEN-82398,Office Supplies,49.45,50,14,2024-07-18T00:00:00
WHL_000091,White Label Adapter Bulk 97-Pack,4300091119,White Label,GEN-66295,Adapters,27.71,10,28,2024-08-01T00:00:00
WHL_000092,Generic Adapter Bulk 94-Pack,4400092313,Generic,GEN-48314,Adapters,46.62,50,33,2024-07-07T00:00:00
WHL_000093,OEM Packagin Bulk 79-Pack,4400093495,OEM,GEN-81916,Packaging,5.78,10,11,2024-02-28T00:00:00
WHL_000094,Generic Adapter Bulk 24-Pack,4400094324,Generic,GEN-69151,Adapters,4.23,50,14,2025-09-04T00:00:00
WHL_000095,Unbranded Cleanin Bulk 21-Pack,4100095553,Unbranded,GEN-56299,Cleaning,14.64,25,31,2024-09-09T00:00:00
WHL_000096,Generic Cleanin Bulk 30-Pack,4100096185,Generic,GEN-29111,Cleaning,40.41,50,17,2024-08-25T00:00:00
WHL_000097,White Label Cable Bulk 23-Pack,4600097651,White Label,GEN-77163,Cables,17.67,100,20,2024-04-20T00:00:00
WHL_000098,Unbranded Cleanin Bulk 94-Pack,4100098394,Unbranded,GEN-74798,Cleaning,37.64,100,31,2025-11-12T00:00:00
WHL_000099,OEM Cable Bulk 83-Pack,4300099108,OEM,GEN-56585,Cables,2.78,10,30,2025-07-24T00:00:00
WHL_000100,Generic Packagin Bulk 22-Pack,4100100271,Generic,GEN-87941,Packaging,43.24,10,44,2024-08-16T00:00:00
WHL_000101,AmazonBasics Cleanin Bulk 89-Pack,4500101250,AmazonBasics,GEN-14257,Cleaning,36.57,50,22,2025-09-27T00:00:00
WHL_000102,Unbranded Packagin Bulk 48-Pack,4100102176,Unbranded,GEN-97139,Packaging,2.91,25,23,2025-03-09T00:00:00
WHL_000103,White Label Office Supplie Bulk 19-Pack,4800103565,White Label,GEN-75311,Office Supplies,49.08,50,26,2025-01-01T00:00:00
WHL_000104,White Label Packagin Bulk 77-Pack,4100104279,White Label,GEN-89024,Packaging,10.05,10,30,2024-02-09T00:00:00
WHL_000105,White Label Packagin Bulk 37-Pack,4200105831,White Label,GEN-86313,Packaging,44.53,10,21,2024-05-10T00:00:00
WHL_000106,AmazonBasics Cleanin Bulk 83-Pack,4100106808,AmazonBasics,GEN-81573,Cleaning,45.74,50,42,2025-02-13T00:00:00
WHL_000107,Generic Packagin Bulk 94-Pack,4600107213,Generic,GEN-53681,Packaging,46.02,50,10,2024-02-04T00:00:00
WHL_000108,AmazonBasics Cable Bulk 70-Pack,4700108158,AmazonBasics,GEN-57333,Cables,6.23,100,41,2024-05-06T00:00:00
WHL_000109,AmazonBasics Cleanin Bulk 52-Pack,4300109203,AmazonBasics,GEN-32069,Cleaning,44.86,25,43,2024-11-26T00:00:00
WHL_000110,Generic Office Supplie Bulk 97-Pack,4200110316,Generic,GEN-76805,Office Supplies,11.70,25,33,2024-11-17T00:00:00
WHL_000111,White Label Cleanin Bulk 80-Pack,4300111732,White Label,GEN-41183,Cleaning,39.94,10,34,2024-10-22T00:00:00
WHL_000112,Unbranded Adapter Bulk 27-Pack,4400112547,Unbranded,GEN-63021,Adapters,41.43,100,44,2025-05-08T00:00:00
WHL_000113,AmazonBasics Cable Bulk 87-Pack,4400113926,AmazonBasics,GEN-75231,Cables,35.64,10,14,2025-10-07T00:00:00
WHL_000114,White Label Adapter Bulk 95-Pack,4900114256,White Label,GEN-42608,Adapters,29.25,25,9,2024-04-24T00:00:00
WHL_000115,Generic Cable Bulk 45-Pack,4200115373,Generic,GEN-24760,Cables,34.52,10,20,2024-12-01T00:00:00
WHL_000116,Unbranded Cable Bulk 28-Pack,4700116283,Unbranded,GEN-94929,Cables,17.73,10,30,2025-07-13T00:00:00
WHL_000117,AmazonBasics Packagin Bulk 28-Pack,4300117918,AmazonBasics,GEN-37103,Packaging,22.73,100,29,2024-11-28T00:00:00
WHL_000118,OEM Office Supplie Bulk 16-Pack,4400118655,OEM,GEN-43044,Office Supplies,24.96,10,34,2025-03-02T00:00:00
WHL_000119,Generic Office Supplie Bulk 24-Pack,4300119622,Generic,GEN-47645,Office Supplies,26.69,25,25,2025-03-14T00:00:00
WHL_000120,Generic Office Supplie Bulk 85-Pack,4800120180,Generic,GEN-69562,Office Supplies,39.50,50,26,2024-08-07T00:00:00
WHL_000121,White Label Office Supplie Bulk 71-Pack,4400121303,White Label,GEN-38909,Office Supplies,48.21,100,15,2024-04-21T00:00:00
WHL_000122,Unbranded Office Supplie Bulk 92-Pack,4800122757,Unbranded,GEN-28965,Office Supplies,11.72,10,24,2025-09-09T00:00:00
WHL_000123,Generic Packagin Bulk 61-Pack,4800123495,Generic,GEN-12660,Packaging,43.24,10,43,2024-04-10T00:00:00
WHL_000124,White Label Adapter Bulk 83-Pack,4800124881,White Label,GEN-79457,Adapters,38.13,25,38,2024-03-01T00:00:00
WHL_000125,White Label Cleanin Bulk 71-Pack,4500125102,White Label,GEN-35351,Cleaning,21.57,25,13,2025-12-25T00:00:00
WHL_000126,Unbranded Packagin Bulk 35-Pack,4400126858,Unbranded,GEN-92424,Packaging,35.11,100,45,2025-02-13T00:00:00
WHL_000127,Unbranded Cleanin Bulk 15-Pack,4300127511,Unbranded,GEN-54059,Cleaning,10.62,50,37,2024-09-11T00:00:00
WHL_000128,Unbranded Adapter Bulk 98-Pack,4800128124,Unbranded,GEN-19996,Adapters,22.11,10,43,2024-04-14T00:00:00
WHL_000129,Generic Adapter Bulk 23-Pack,4800129190,Generic,GEN-99254,Adapters,23.89,100,15,2024-12-07T00:00:00
WHL_000130,OEM Packagin Bulk 85-Pack,4400130114,OEM,GEN-63626,Packaging,5.75,10,24,2025-04-03T00:00:00
WHL_000131,White Label Adapter Bulk 86-Pack,4100131428,White Label,GEN-80371,Adapters,30.98,25,9,2025-12-09T00:00:00
WHL_000132,AmazonBasics Adapter Bulk 37-Pack,4000132723,AmazonBasics,GEN-63976,Adapters,33.21,50,13,2024-09-19T00:00:00
WHL_000133,OEM Cleanin Bulk 54-Pack,4600133991,OEM,GEN-56779,Cleaning,14.61,100,42,2024-01-24T00:00:00
WHL_000134,Generic Cleanin Bulk 32-Pack,4400134341,Generic,GEN-30572,Cleaning,2.05,25,9,2024-04-27T00:00:00
WHL_000135,OEM Adapter Bulk 94-Pack,4700135178,OEM,GEN-68912,Adapters,7.50,25,15,2024-02-24T00:00:00
WHL_000136,OEM Packagin Bulk 65-Pack,4400136970,OEM,GEN-30175,Packaging,31.73,10,17,2025-07-01T00:00:00
WHL_000137,OEM Packagin Bulk 63-Pack,4200137979,OEM,GEN-24224,Packaging,2.72,10,17,2024-02-05T00:00:00
WHL_000138,Unbranded Cable Bulk 76-Pack,4200138440,Unbranded,GEN-82744,Cables,22.30,50,35,2024-10-18T00:00:00
WHL_000139,AmazonBasics Adapter Bulk 88-Pack,4600139320,AmazonBasics,GEN-68336,Adapters,47.73,50,27,2025-10-07T00:00:00
WHL_000140,Generic Adapter Bulk 69-Pack,4600140784,Generic,GEN-21930,Adapters,20.88,10,15,2024-04-24T00:00:00
WHL_000141,AmazonBasics Cable Bulk 84-Pack,4600141934,AmazonBasics,GEN-27723,Cables,28.44,10,40,2024-09-08T00:00:00
WHL_000142,OEM Adapter Bulk 79-Pack,4800142878,OEM,GEN-19721,Adapters,45.49,25,41,2024-06-17T00:00:00
WHL_000143,AmazonBasics Cable Bulk 27-Pack,4500143809,AmazonBasics,GEN-33371,Cables,13.72,10,34,2025-04-05T00:00:00
WHL_000144,OEM Cable Bulk 19-Pack,4900144666,OEM,GEN-65328,Cables,26.38,10,27,2025-03-22T00:00:00
WHL_000145,White Label Packagin Bulk 95-Pack,4000145136,White Label,GEN-13172,Packaging,2.47,10,12,2025-03-25T00:00:00
WHL_000146,AmazonBasics Cable Bulk 22-Pack,4300146710,AmazonBasics,GEN-67537,Cables,5.05,50,10,2024-12-05T00:00:00
WHL_000147,White Label Packagin Bulk 92-Pack,4100147740,White Label,GEN-47992,Packaging,19.57,50,23,2024-02-18T00:00:00
WHL_000148,OEM Cleanin Bulk 46-Pack,4800148719,OEM,GEN-74374,Cleaning,33.74,10,16,2024-05-17T00:00:00
WHL_000149,AmazonBasics Cable Bulk 74-Pack,4700149151,AmazonBasics,GEN-66975,Cables,16.39,100,8,2024-10-02T00:00:00
WHL_000150,Generic Packagin Bulk 91-Pack,4600150547,Generic,GEN-54759,Packaging,44.40,10,30,2025-09-05T00:00:00
WHL_000151,Unbranded Office Supplie Bulk 29-Pack,4300151622,Unbranded,GEN-45312,Office Supplies,28.59,25,27,2025-11-02T00:00:00
WHL_000152,White Label Packagin Bulk 15-Pack,4900152586,White Label,GEN-82422,Packaging,41.26,10,37,2024-07-07T00:00:00
WHL_000153,OEM Office Supplie Bulk 68-Pack,4900153811,OEM,GEN-91014,Office Supplies,30.50,50,8,2024-03-03T00:00:00
WHL_000154,Generic Packagin Bulk 42-Pack,4100154601,Generic,GEN-79281,Packaging,40.30,10,42,2024-05-21T00:00:00
WHL_000155,White Label Adapter Bulk 41-Pack,4700155732,White Label,GEN-77589,Adapters,27.83,25,31,2024-09-21T00:00:00
WHL_000156,Generic Office Supplie Bulk 18-Pack,4200156963,Generic,GEN-28546,Office Supplies,14.12,100,25,2024-09-19T00:00:00
WHL_000157,White Label Office Supplie Bulk 63-Pack,4000157412,White Label,GEN-27106,Office Supplies,15.58,50,40,2025-04-04T00:00:00
WHL_000158,White Label Packagin Bulk 47-Pack,4000158594,White Label,GEN-92789,Packaging,5.03,100,17,2025-06-25T00:00:00
WHL_000159,White Label Cable Bulk 57-Pack,4300159963,White Label,GEN-54555,Cables,10.14,25,25,2024-12-01T00:00:00
WHL_000160,Generic Office Supplie Bulk 47-Pack,4600160454,Generic,GEN-77237,Office Supplies,19.49,10,21,2024-06-08T00:00:00
WHL_000161,AmazonBasics Cleanin Bulk 27-Pack,4400161521,AmazonBasics,GEN-71037,Cleaning,26.42,10,28,2024-05-22T00:00:00
WHL_000162,Generic Packagin Bulk 55-Pack,4300162369,Generic,GEN-35471,Packaging,12.70,50,44,2025-12-04T00:00:00
WHL_000163,Unbranded Adapter Bulk 22-Pack,4100163214,Unbranded,GEN-88624,Adapters,40.53,100,40,2025-12-26T00:00:00
WHL_000164,Generic Cleanin Bulk 85-Pack,4300164400,Generic,GEN-21982,Cleaning,3.37,25,38,2024-03-13T00:00:00
WHL_000165,White Label Adapter Bulk 19-Pack,4600165145,White Label,GEN-20992,Adapters,2.92,100,27,2025-02-15T00:00:00
WHL_000166,AmazonBasics Office Supplie Bulk 11-Pack,4800166119,AmazonBasics,GEN-34225,Office Supplies,39.17,25,8,2024-10-04T00:00:00
WHL_000167,White Label Office Supplie Bulk 77-Pack,4200167860,White Label,GEN-11719,Office Supplies,6.49,25,31,2025-08-21T00:00:00
WHL_000168,Unbranded Packagin Bulk 63-Pack,4900168259,Unbranded,GEN-10402,Packaging,36.73,25,32,2025-10-26T00:00:00
WHL_000169,White Label Adapter Bulk 87-Pack,4100169490,White Label,GEN-19294,Adapters,44.41,10,40,2025-02-18T00:00:00
WHL_000170,White Label Adapter Bulk 53-Pack,4800170710,White Label,GEN-13457,Adapters,12.34,25,33,2024-03-27T00:00:00
WHL_000171,OEM Adapter Bulk 19-Pack,4800171281,OEM,GEN-41475,Adapters,30.72,100,24,2025-06-14T00:00:00
WHL_000172,Generic Cable Bulk 47-Pack,4000172996,Generic,GEN-27046,Cables,13.50,100,9,2025-11-01T00:00:00
WHL_000173,White Label Adapter Bulk 65-Pack,4600173645,White Label,GEN-16076,Adapters,25.13,10,14,2024-07-25T00:00:00
WHL_000174,Generic Cable Bulk 36-Pack,4000174761,Generic,GEN-57359,Cables,47.25,100,32,2024-01-13T00:00:00
WHL_000175,OEM Office Supplie Bulk 32-Pack,4300175222,OEM,GEN-38652,Office Supplies,4.56,50,28,2025-01-27T00:00:00
WHL_000176,Unbranded Cleanin Bulk 23-Pack,4600176837,Unbranded,GEN-73620,Cleaning,27.96,100,34,2024-10-07T00:00:00
WHL_000177,AmazonBasics Packagin Bulk 40-Pack,4000177243,AmazonBasics,GEN-49846,Packaging,15.23,10,40,2025-04-11T00:00:00
WHL_000178,White Label Adapter Bulk 27-Pack,4800178778,White Label,GEN-63406,Adapters,24.37,10,20,2024-11-12T00:00:00
WHL_000179,AmazonBasics Cable Bulk 98-Pack,4500179679,AmazonBasics,GEN-12366,Cables,3.62,10,39,2025-10-19T00:00:00
WHL_000180,Generic Packagin Bulk 67-Pack,4200180128,Generic,GEN-43455,Packaging,15.00,25,32,2025-10-19T00:00:00
WHL_000181,Unbranded Packagin Bulk 96-Pack,4900181869,Unbranded,GEN-98903,Packaging,41.68,100,12,2025-03-18T00:00:00
WHL_000182,White Label Cleanin Bulk 28-Pack,4900182415,White Label,GEN-53300,Cleaning,19.82,10,25,2024-09-10T00:00:00
WHL_000183,AmazonBasics Cleanin Bulk 34-Pack,4300183326,AmazonBasics,GEN-24202,Cleaning,39.82,25,21,2025-03-25T00:00:00
WHL_000184,Unbranded Office Supplie Bulk 89-Pack,4000184623,Unbranded,GEN-13009,Office Supplies,28.63,100,16,2025-11-04T00:00:00
WHL_000185,Unbranded Office Supplie Bulk 66-Pack,4000185927,Unbranded,GEN-32795,Office Supplies,48.64,25,26,2024-09-20T00:00:00
WHL_000186,OEM Packagin Bulk 93-Pack,4900186567,OEM,GEN-41976,Packaging,33.84,25,42,2024-05-27T00:00:00
WHL_000187,Generic Packagin Bulk 98-Pack,4100187289,Generic,GEN-84221,Packaging,48.04,100,28,2024-09-26T00:00:00
WHL_000188,OEM Office Supplie Bulk 96-Pack,4500188794,OEM,GEN-29216,Office Supplies,29.94,100,24,2024-09-13T00:00:00
WHL_000189,AmazonBasics Office Supplie Bulk 11-Pack,4100189375,AmazonBasics,GEN-83635,Office Supplies,17.89,100,34,2024-11-27T00:00:00
WHL_000190,OEM Adapter Bulk 53-Pack,4500190834,OEM,GEN-25753,Adapters,40.55,50,19,2025-07-18T00:00:00
WHL_000191,OEM Adapter Bulk 44-Pack,4400191757,OEM,GEN-92056,Adapters,29.79,10,8,2024-08-25T00:00:00
WHL_000192,OEM Cable Bulk 86-Pack,4800192651,OEM,GEN-61206,Cables,1.32,100,11,2024-02-27T00:00:00
WHL_000193,Unbranded Cleanin Bulk 34-Pack,4100193952,Unbranded,GEN-90201,Cleaning,10.90,50,8,2024-02-13T00:00:00
WHL_000194,AmazonBasics Cable Bulk 47-Pack,4400194208,AmazonBasics,GEN-92557,Cables,30.99,10,27,2024-08-14T00:00:00
WHL_000195,OEM Cleanin Bulk 92-Pack,4900195668,OEM,GEN-63888,Cleaning,10.60,25,10,2025-04-21T00:00:00
WHL_000196,White Label Packagin Bulk 66-Pack,4700196667,White Label,GEN-88490,Packaging,1.82,50,32,2024-01-23T00:00:00
WHL_000197,Unbranded Adapter Bulk 26-Pack,4600197955,Unbranded,GEN-88159,Adapters,36.58,25,29,2024-09-26T00:00:00
WHL_000198,Generic Office Supplie Bulk 16-Pack,4700198593,Generic,GEN-31098,Office Supplies,36.52,10,23,2024-07-17T00:00:00
WHL_000199,AmazonBasics Packagin Bulk 35-Pack,4300199358,AmazonBasics,GEN-69489,Packaging,4.29,25,12,2024-06-12T00:00:00
WHL_000200,OEM Adapter Bulk 69-Pack,4600200235,OEM,GEN-81393,Adapters,17.89,10,36,2024-04-28T00:00:00
WHL_000201,OEM Cable Bulk 58-Pack,4200201106,OEM,GEN-24761,Cables,4.85,25,34,2024-09-22T00:00:00
WHL_000202,White Label Adapter Bulk 54-Pack,4800202831,White Label,GEN-59280,Adapters,23.92,10,19,2024-08-03T00:00:00
WHL_000203,AmazonBasics Packagin Bulk 31-Pack,4900203165,AmazonBasics,GEN-85865,Packaging,16.05,50,10,2024-07-10T00:00:00
WHL_000204,AmazonBasics Cable Bulk 45-Pack,4100204658,AmazonBasics,GEN-47324,Cables,48.68,10,22,2025-04-22T00:00:00
WHL_000205,White Label Cable Bulk 28-Pack,4800205238,White Label,GEN-70713,Cables,20.52,100,39,2024-03-03T00:00:00
WHL_000206,Generic Adapter Bulk 78-Pack,4700206854,Generic,GEN-33906,Adapters,32.31,10,19,2025-09-14T00:00:00
WHL_000207,OEM Cleanin Bulk 87-Pack,4700207974,OEM,GEN-67400,Cleaning,27.76,25,34,2024-09-08T00:00:00
WHL_000208,Generic Cleanin Bulk 13-Pack,4500208621,Generic,GEN-54364,Cleaning,9.68,25,43,2025-12-01T00:00:00
WHL_000209,Unbranded Cleanin Bulk 97-Pack,4600209610,Unbranded,GEN-25596,Cleaning,27.69,100,37,2024-07-28T00:00:00
WHL_000210,Unbranded Adapter Bulk 11-Pack,4800210287,Unbranded,GEN-57852,Adapters,45.12,10,31,2024-02-22T00:00:00
WHL_000211,OEM Adapter Bulk 96-Pack,4500211515,OEM,GEN-30868,Adapters,11.97,10,32,2025-01-25T00:00:00
WHL_000212,White Label Cleanin Bulk 43-Pack,4100212974,White Label,GEN-63075,Cleaning,49.45,25,11,2024-02-19T00:00:00
WHL_000213,OEM Packagin Bulk 15-Pack,4700213869,OEM,GEN-83076,Packaging,28.83,50,22,2025-10-20T00:00:00
WHL_000214,AmazonBasics Packagin Bulk 26-Pack,4000214306,AmazonBasics,GEN-14952,Packaging,39.38,50,9,2024-11-27T00:00:00
WHL_000215,AmazonBasics Office Supplie Bulk 42-Pack,4900215984,AmazonBasics,GEN-76500,Office Supplies,48.78,50,15,2025-10-11T00:00:00
WHL_000216,AmazonBasics Cleanin Bulk 20-Pack,4100216927,AmazonBasics,GEN-47167,Cleaning,28.12,50,35,2025-01-23T00:00:00
WHL_000217,Unbranded Cable Bulk 79-Pack,4200217404,Unbranded,GEN-62645,Cables,18.49,100,31,2025-04-18T00:00:00
WHL_000218,OEM Cable Bulk 58-Pack,4700218451,OEM,GEN-20222,Cables,46.76,10,36,2025-10-18T00:00:00
WHL_000219,Unbranded Office Supplie Bulk 65-Pack,4900219838,Unbranded,GEN-76296,Office Supplies,27.56,100,16,2024-06-17T00:00:00
WHL_000220,AmazonBasics Adapter Bulk 78-Pack,4000220925,AmazonBasics,GEN-51714,Adapters,25.20,10,32,2024-11-21T00:00:00
WHL_000221,OEM Packagin Bulk 94-Pack,4400221133,OEM,GEN-57232,Packaging,3.54,100,31,2025-11-15T00:00:00
WHL_000222,AmazonBasics Cable Bulk 45-Pack,4100222317,AmazonBasics,GEN-81010,Cables,2.50,25,28,2025-05-09T00:00:00
WHL_000223,OEM Cleanin Bulk 35-Pack,4900223606,OEM,GEN-28396,Cleaning,20.27,50,25,2024-11-08T00:00:00
WHL_000224,OEM Cleanin Bulk 38-Pack,4400224608,OEM,GEN-35502,Cleaning,37.23,10,28,2025-03-09T00:00:00
WHL_000225,Generic Packagin Bulk 32-Pack,4500225710,Generic,GEN-55003,Packaging,10.14,100,17,2024-07-19T00:00:00
WHL_000226,OEM Adapter Bulk 57-Pack,4900226973,OEM,GEN-23398,Adapters,17.82,25,39,2024-09-23T00:00:00
WHL_000227,Unbranded Packagin Bulk 43-Pack,4700227767,Unbranded,GEN-60630,Packaging,18.92,50,8,2025-08-25T00:00:00
WHL_000228,White Label Packagin Bulk 90-Pack,4300228492,White Label,GEN-91681,Packaging,11.99,10,39,2024-02-16T00:00:00
WHL_000229,AmazonBasics Office Supplie Bulk 100-Pack,4300229765,AmazonBasics,GEN-53727,Office Supplies,9.08,25,24,2024-02-27T00:00:00
WHL_000230,White Label Adapter Bulk 47-Pack,4100230510,White Label,GEN-69464,Adapters,20.33,10,27,2025-04-04T00:00:00
WHL_000231,OEM Adapter Bulk 70-Pack,4300231638,OEM,GEN-78750,Adapters,18.94,10,22,2025-08-28T00:00:00
WHL_000232,White Label Cable Bulk 29-Pack,4900232448,White Label,GEN-94320,Cables,1.79,10,25,2024-01-25T00:00:00
WHL_000233,White Label Adapter Bulk 25-Pack,4900233773,White Label,GEN-87559,Adapters,23.38,100,42,2024-10-24T00:00:00
WHL_000234,OEM Office Supplie Bulk 40-Pack,4500234262,OEM,GEN-77404,Office Supplies,1.33,50,32,2024-03-11T00:00:00
WHL_000235,AmazonBasics Office Supplie Bulk 74-Pack,4500235849,AmazonBasics,GEN-64462,Office Supplies,21.39,100,41,2025-05-10T00:00:00
WHL_000236,OEM Adapter Bulk 53-Pack,4500236754,OEM,GEN-97728,Adapters,25.14,50,41,2025-12-19T00:00:00
WHL_000237,Unbranded Packagin Bulk 46-Pack,4500237881,Unbranded,GEN-33301,Packaging,40.03,25,26,2024-02-26T00:00:00
WHL_000238,Unbranded Packagin Bulk 15-Pack,4000238159,Unbranded,GEN-30439,Packaging,2.24,50,30,2024-10-21T00:00:00
WHL_000239,OEM Cable Bulk 24-Pack,4200239925,OEM,GEN-52726,Cables,47.96,50,11,2024-01-11T00:00:00
WHL_000240,White Label Office Supplie Bulk 91-Pack,4300240913,White Label,GEN-65795,Office Supplies,2.66,25,13,2025-05-10T00:00:00
WHL_000241,AmazonBasics Cleanin Bulk 89-Pack,4600241856,AmazonBasics,GEN-74307,Cleaning,31.23,25,38,2024-07-15T00:00:00
WHL_000242,Unbranded Packagin Bulk 26-Pack,4200242109,Unbranded,GEN-58010,Packaging,32.51,25,30,2025-04-03T00:00:00
WHL_000243,AmazonBasics Adapter Bulk 23-Pack,4200243793,AmazonBasics,GEN-27527,Adapters,40.46,25,11,2024-04-20T00:00:00
WHL_000244,OEM Cable Bulk 17-Pack,4900244212,OEM,GEN-59434,Cables,31.72,10,12,2024-07-09T00:00:00
WHL_000245,Unbranded Adapter Bulk 54-Pack,4800245692,Unbranded,GEN-13175,Adapters,10.99,25,37,2025-09-23T00:00:00
WHL_000246,Generic Office Supplie Bulk 71-Pack,4200246541,Generic,GEN-70851,Office Supplies,9.67,50,23,2025-09-21T00:00:00
WHL_000247,White Label Office Supplie Bulk 14-Pack,4200247838,White Label,GEN-52655,Office Supplies,7.65,25,12,2025-07-22T00:00:00
WHL_000248,AmazonBasics Adapter Bulk 80-Pack,4600248169,AmazonBasics,GEN-33809,Adapters,36.75,100,14,2025-03-03T00:00:00
WHL_000249,Unbranded Adapter Bulk 93-Pack,4300249824,Unbranded,GEN-86356,Adapters,10.72,25,8,2025-03-06T00:00:00
